{"ultimo_id": 47, "pacientes": [{"nombre": "Luis Jaraquemada", "correo": "luis.jaraquemada@team.awakelab.cl", "clave": "123456", "rut": "1500698-2", "edad": 100, "fecha": "2020-12-05", "direccion": "las cabras #3500", "ocupacion": "Telecommunication Specialist", "telefono": "+5698406646", "foto": "http://yofui.com/CLFotosFiles/Evento00000866/YoFui0000000400844604-6.JPG", "resumen": "BSc  and  MSc,  First  Honor  Degree  in  Electronics  and  Telecommunications  Engineering.  17+  years of   experience   in   the   Information   and   Communication   Technologies   (ICT)   field,   designing,  programming,  solving  complex  problems  and  as  Technical  Solutions  Dept.  Manager/Director  and  CTO  positions  in  medium  and  large  organizations.  Driven  by  objectives  to  reach  organization  targets,  based on  trust,  ethics  and  harmony  with  colleagues,  customers  and  surrounding  ecosystem.", "educacion": "Universidad de Santiago de Chile\r\nBerklee College of Music\r\nThe University of Manchester", "historial": "* Expert on Optical Networks - Electromagnetic Engineering - Analog & Digital Signals and Systems\r\n* Research Manager of Optical Communications Group, developing software for Nonlinear Optical Communication Systems.", "examenes": [{"fecha": "1900-01-01", "hemograma": "5500", "orina": "680", "colesterolhdl": "460", "colesterolldl": "380", "glucosa": "490"}, {"fecha": "1948-01-01", "hemograma": "8000", "orina": "5800", "colesterolhdl": "460", "colesterolldl": "10000", "glucosa": "4600"}], "id": 45}, {"nombre": "jose", "correo": "luis@lol.com", "clave": "123456", "rut": "15896752-2", "edad": 100, "fecha": "2020-12-05", "direccion": "las cabras #3500", "ocupacion": "Telecommunication Specialist", "telefono": "9405653554", "foto": "https://encrypted-tbn0.gstatic.com/images?q=tbn:ANd9GcR6FL6wV0cVQwF_vNT9nQFyJIIqwLcEU2QQRA&usqp=CAU", "resumen": "jfpojrpofjperojfer", "educacion": "ferfrefwrefwer", "historial": "frewfwerfwerfw", "examenes": [{"fecha": "1957-01-01", "hemograma": "360", "orina": "429", "colesterolhdl": "350", "colesterolldl": "10000", "glucosa": "490"}], "id": 46}]}